contributors	coordinates	created_at	entities	favorited	geo	id	id_str	in_reply_to_screen_name	in_reply_to_status_id	in_reply_to_status_id_str	in_reply_to_user_id	in_reply_to_user_id_str	place	retweet_count	retweeted	source	text	truncated	user
None	None	Sun Jan 15 16:22:42 +0000 2012	{u'user_mentions': [{u'id': 21385538, u'indices': [0, 13], u'id_str': u'21385538', u'screen_name': u'arno_stevens', u'name': u'Arno Stevens'}, {u'id': 87201342, u'indices': [14, 24], u'id_str': u'87201342', u'screen_name': u'Cineville', u'name': u'Cineville'}], u'hashtags': [], u'urls': []}	False	None	158584907457769473	158584907457769473	arno_stevens	158188502096416768	158188502096416768	21385538	21385538	None	0	False	web	@arno_stevens @Cineville En wat vond je ervan?	False	{u'follow_request_sent': False, u'profile_use_background_image': True, u'default_profile_image': False, u'id': 19818128, u'verified': False, u'profile_text_color': u'333333', u'profile_image_url_https': u'https://si0.twimg.com/profile_images/1776075011/Photo_on_1-23-12_at_20.00___2_normal.jpg', u'profile_sidebar_fill_color': u'DDEEF6', u'entities': {u'description': {u'urls': []}}, u'followers_count': 62, u'profile_sidebar_border_color': u'C0DEED', u'id_str': u'19818128', u'profile_background_color': u'C0DEED', u'listed_count': 1, u'profile_background_image_url_https': u'https://si0.twimg.com/images/themes/theme1/bg.png', u'utc_offset': 3600, u'statuses_count': 38, u'description': u'Something awfully pretentious', u'friends_count': 314, u'location': u'', u'profile_link_color': u'0084B4', u'profile_image_url': u'http://a0.twimg.com/profile_images/1776075011/Photo_on_1-23-12_at_20.00___2_normal.jpg', u'following': False, u'geo_enabled': False, u'profile_background_image_url': u'http://a0.twimg.com/images/themes/theme1/bg.png', u'screen_name': u'eelkeh', u'lang': u'en', u'profile_background_tile': False, u'favourites_count': 2, u'name': u'Eelke Hermens', u'notifications': False, u'url': None, u'created_at': u'Sat Jan 31 15:18:29 +0000 2009', u'contributors_enabled': False, u'time_zone': u'Amsterdam', u'protected': False, u'default_profile': True, u'is_translator': False}
None	None	Mon Sep 26 17:23:55 +0000 2011	{u'user_mentions': [{u'id': 816653, u'indices': [91, 102], u'id_str': u'816653', u'screen_name': u'TechCrunch', u'name': u'TechCrunch'}], u'hashtags': [], u'urls': [{u'url': u'http://t.co/qC36EJxz', u'indices': [66, 86], u'expanded_url': u'http://bit.ly/oJNhHB', u'display_url': u'bit.ly/oJNhHB'}]}	False	None	118375258620301312	118375258620301312	None	None	None	None	None	None	0	False	<a href="http://twitter.com/tweetbutton" rel="nofollow">Tweet Button</a>	Controversy as Spotify requires new users to be on Facebook first http://t.co/qC36EJxz via @techcrunch	False	{u'follow_request_sent': False, u'profile_use_background_image': True, u'default_profile_image': False, u'id': 19818128, u'verified': False, u'profile_text_color': u'333333', u'profile_image_url_https': u'https://si0.twimg.com/profile_images/1776075011/Photo_on_1-23-12_at_20.00___2_normal.jpg', u'profile_sidebar_fill_color': u'DDEEF6', u'entities': {u'description': {u'urls': []}}, u'followers_count': 62, u'profile_sidebar_border_color': u'C0DEED', u'id_str': u'19818128', u'profile_background_color': u'C0DEED', u'listed_count': 1, u'profile_background_image_url_https': u'https://si0.twimg.com/images/themes/theme1/bg.png', u'utc_offset': 3600, u'statuses_count': 38, u'description': u'Something awfully pretentious', u'friends_count': 314, u'location': u'', u'profile_link_color': u'0084B4', u'profile_image_url': u'http://a0.twimg.com/profile_images/1776075011/Photo_on_1-23-12_at_20.00___2_normal.jpg', u'following': False, u'geo_enabled': False, u'profile_background_image_url': u'http://a0.twimg.com/images/themes/theme1/bg.png', u'screen_name': u'eelkeh', u'lang': u'en', u'profile_background_tile': False, u'favourites_count': 2, u'name': u'Eelke Hermens', u'notifications': False, u'url': None, u'created_at': u'Sat Jan 31 15:18:29 +0000 2009', u'contributors_enabled': False, u'time_zone': u'Amsterdam', u'protected': False, u'default_profile': True, u'is_translator': False}
None	None	Tue Sep 13 08:52:47 +0000 2011	{u'user_mentions': [{u'id': 17177403, u'indices': [0, 6], u'id_str': u'17177403', u'screen_name': u'plevy', u'name': u'Pierre Levy'}], u'hashtags': [], u'urls': []}	False	None	113535585976721408	113535585976721408	plevy	113403801842618369	113403801842618369	17177403	17177403	None	0	False	web	@plevy Thanks for the correction, will take that into account...	False	{u'follow_request_sent': False, u'profile_use_background_image': True, u'default_profile_image': False, u'id': 19818128, u'verified': False, u'profile_text_color': u'333333', u'profile_image_url_https': u'https://si0.twimg.com/profile_images/1776075011/Photo_on_1-23-12_at_20.00___2_normal.jpg', u'profile_sidebar_fill_color': u'DDEEF6', u'entities': {u'description': {u'urls': []}}, u'followers_count': 62, u'profile_sidebar_border_color': u'C0DEED', u'id_str': u'19818128', u'profile_background_color': u'C0DEED', u'listed_count': 1, u'profile_background_image_url_https': u'https://si0.twimg.com/images/themes/theme1/bg.png', u'utc_offset': 3600, u'statuses_count': 38, u'description': u'Something awfully pretentious', u'friends_count': 314, u'location': u'', u'profile_link_color': u'0084B4', u'profile_image_url': u'http://a0.twimg.com/profile_images/1776075011/Photo_on_1-23-12_at_20.00___2_normal.jpg', u'following': False, u'geo_enabled': False, u'profile_background_image_url': u'http://a0.twimg.com/images/themes/theme1/bg.png', u'screen_name': u'eelkeh', u'lang': u'en', u'profile_background_tile': False, u'favourites_count': 2, u'name': u'Eelke Hermens', u'notifications': False, u'url': None, u'created_at': u'Sat Jan 31 15:18:29 +0000 2009', u'contributors_enabled': False, u'time_zone': u'Amsterdam', u'protected': False, u'default_profile': True, u'is_translator': False}
None	None	Mon Sep 12 21:31:19 +0000 2011	{u'user_mentions': [{u'id': 17177403, u'indices': [0, 6], u'id_str': u'17177403', u'screen_name': u'plevy', u'name': u'Pierre Levy'}], u'hashtags': [], u'urls': []}	False	None	113364089291538432	113364089291538432	plevy	113345365532606465	113345365532606465	17177403	17177403	None	0	False	web	@plevy Could you elaborate on what you don't agree on?	False	{u'follow_request_sent': False, u'profile_use_background_image': True, u'default_profile_image': False, u'id': 19818128, u'verified': False, u'profile_text_color': u'333333', u'profile_image_url_https': u'https://si0.twimg.com/profile_images/1776075011/Photo_on_1-23-12_at_20.00___2_normal.jpg', u'profile_sidebar_fill_color': u'DDEEF6', u'entities': {u'description': {u'urls': []}}, u'followers_count': 62, u'profile_sidebar_border_color': u'C0DEED', u'id_str': u'19818128', u'profile_background_color': u'C0DEED', u'listed_count': 1, u'profile_background_image_url_https': u'https://si0.twimg.com/images/themes/theme1/bg.png', u'utc_offset': 3600, u'statuses_count': 38, u'description': u'Something awfully pretentious', u'friends_count': 314, u'location': u'', u'profile_link_color': u'0084B4', u'profile_image_url': u'http://a0.twimg.com/profile_images/1776075011/Photo_on_1-23-12_at_20.00___2_normal.jpg', u'following': False, u'geo_enabled': False, u'profile_background_image_url': u'http://a0.twimg.com/images/themes/theme1/bg.png', u'screen_name': u'eelkeh', u'lang': u'en', u'profile_background_tile': False, u'favourites_count': 2, u'name': u'Eelke Hermens', u'notifications': False, u'url': None, u'created_at': u'Sat Jan 31 15:18:29 +0000 2009', u'contributors_enabled': False, u'time_zone': u'Amsterdam', u'protected': False, u'default_profile': True, u'is_translator': False}
None	None	Tue May 03 15:09:00 +0000 2011	{u'user_mentions': [{u'id': 112453332, u'indices': [0, 11], u'id_str': u'112453332', u'screen_name': u'xlshosting', u'name': u'XLS Hosting'}], u'hashtags': [], u'urls': []}	False	None	65432677855150080	65432677855150080	xlshosting	None	None	112453332	112453332	None	0	False	web	@xlshosting Enig idee wanneer jullie VPS5013 leven in kunnen blazen, na ruim 8 uur downtime? Kan ook niet meer in de interface inloggen...	False	{u'follow_request_sent': False, u'profile_use_background_image': True, u'default_profile_image': False, u'id': 19818128, u'verified': False, u'profile_text_color': u'333333', u'profile_image_url_https': u'https://si0.twimg.com/profile_images/1776075011/Photo_on_1-23-12_at_20.00___2_normal.jpg', u'profile_sidebar_fill_color': u'DDEEF6', u'entities': {u'description': {u'urls': []}}, u'followers_count': 62, u'profile_sidebar_border_color': u'C0DEED', u'id_str': u'19818128', u'profile_background_color': u'C0DEED', u'listed_count': 1, u'profile_background_image_url_https': u'https://si0.twimg.com/images/themes/theme1/bg.png', u'utc_offset': 3600, u'statuses_count': 38, u'description': u'Something awfully pretentious', u'friends_count': 314, u'location': u'', u'profile_link_color': u'0084B4', u'profile_image_url': u'http://a0.twimg.com/profile_images/1776075011/Photo_on_1-23-12_at_20.00___2_normal.jpg', u'following': False, u'geo_enabled': False, u'profile_background_image_url': u'http://a0.twimg.com/images/themes/theme1/bg.png', u'screen_name': u'eelkeh', u'lang': u'en', u'profile_background_tile': False, u'favourites_count': 2, u'name': u'Eelke Hermens', u'notifications': False, u'url': None, u'created_at': u'Sat Jan 31 15:18:29 +0000 2009', u'contributors_enabled': False, u'time_zone': u'Amsterdam', u'protected': False, u'default_profile': True, u'is_translator': False}
None	None	Tue May 03 12:04:49 +0000 2011	{u'user_mentions': [{u'id': 112453332, u'indices': [0, 11], u'id_str': u'112453332', u'screen_name': u'xlshosting', u'name': u'XLS Hosting'}], u'hashtags': [], u'urls': []}	False	None	65386323833405440	65386323833405440	xlshosting	None	None	112453332	112453332	None	0	False	web	@xlshosting Wat is er met VPS5013 aan de hand? Is die ook down wegens de trage harde schijf toegang?	False	{u'follow_request_sent': False, u'profile_use_background_image': True, u'default_profile_image': False, u'id': 19818128, u'verified': False, u'profile_text_color': u'333333', u'profile_image_url_https': u'https://si0.twimg.com/profile_images/1776075011/Photo_on_1-23-12_at_20.00___2_normal.jpg', u'profile_sidebar_fill_color': u'DDEEF6', u'entities': {u'description': {u'urls': []}}, u'followers_count': 62, u'profile_sidebar_border_color': u'C0DEED', u'id_str': u'19818128', u'profile_background_color': u'C0DEED', u'listed_count': 1, u'profile_background_image_url_https': u'https://si0.twimg.com/images/themes/theme1/bg.png', u'utc_offset': 3600, u'statuses_count': 38, u'description': u'Something awfully pretentious', u'friends_count': 314, u'location': u'', u'profile_link_color': u'0084B4', u'profile_image_url': u'http://a0.twimg.com/profile_images/1776075011/Photo_on_1-23-12_at_20.00___2_normal.jpg', u'following': False, u'geo_enabled': False, u'profile_background_image_url': u'http://a0.twimg.com/images/themes/theme1/bg.png', u'screen_name': u'eelkeh', u'lang': u'en', u'profile_background_tile': False, u'favourites_count': 2, u'name': u'Eelke Hermens', u'notifications': False, u'url': None, u'created_at': u'Sat Jan 31 15:18:29 +0000 2009', u'contributors_enabled': False, u'time_zone': u'Amsterdam', u'protected': False, u'default_profile': True, u'is_translator': False}
None	None	Mon Oct 18 20:47:27 +0000 2010	{u'user_mentions': [], u'hashtags': [{u'indices': [15, 21], u'text': u'ts2as'}], u'urls': []}	False	None	27767990457	27767990457	None	None	None	None	None	None	0	False	<a href="http://twitter.com/download/iphone" rel="nofollow">Twitter for iPhone</a>	Drop die beat! #ts2as	False	{u'follow_request_sent': False, u'profile_use_background_image': True, u'default_profile_image': False, u'id': 19818128, u'verified': False, u'profile_text_color': u'333333', u'profile_image_url_https': u'https://si0.twimg.com/profile_images/1776075011/Photo_on_1-23-12_at_20.00___2_normal.jpg', u'profile_sidebar_fill_color': u'DDEEF6', u'entities': {u'description': {u'urls': []}}, u'followers_count': 62, u'profile_sidebar_border_color': u'C0DEED', u'id_str': u'19818128', u'profile_background_color': u'C0DEED', u'listed_count': 1, u'profile_background_image_url_https': u'https://si0.twimg.com/images/themes/theme1/bg.png', u'utc_offset': 3600, u'statuses_count': 38, u'description': u'Something awfully pretentious', u'friends_count': 314, u'location': u'', u'profile_link_color': u'0084B4', u'profile_image_url': u'http://a0.twimg.com/profile_images/1776075011/Photo_on_1-23-12_at_20.00___2_normal.jpg', u'following': False, u'geo_enabled': False, u'profile_background_image_url': u'http://a0.twimg.com/images/themes/theme1/bg.png', u'screen_name': u'eelkeh', u'lang': u'en', u'profile_background_tile': False, u'favourites_count': 2, u'name': u'Eelke Hermens', u'notifications': False, u'url': None, u'created_at': u'Sat Jan 31 15:18:29 +0000 2009', u'contributors_enabled': False, u'time_zone': u'Amsterdam', u'protected': False, u'default_profile': True, u'is_translator': False}
None	None	Wed May 26 20:26:38 +0000 2010	{u'user_mentions': [{u'id': 20136749, u'indices': [3, 11], u'id_str': u'20136749', u'screen_name': u'DeSpeld', u'name': u'De Speld'}], u'hashtags': [{u'indices': [111, 122], u'text': u'carredebat'}], u'urls': []}	False	None	14786336281	14786336281	None	None	None	None	None	None	103	False	web	RT @DeSpeld: "U kijkt zo lief" - Balkenende brengt versiertips van Jack de Vries op subtiele wijze in praktijk #carredebat	False	{u'follow_request_sent': False, u'profile_use_background_image': True, u'default_profile_image': False, u'id': 19818128, u'verified': False, u'profile_text_color': u'333333', u'profile_image_url_https': u'https://si0.twimg.com/profile_images/1776075011/Photo_on_1-23-12_at_20.00___2_normal.jpg', u'profile_sidebar_fill_color': u'DDEEF6', u'entities': {u'description': {u'urls': []}}, u'followers_count': 62, u'profile_sidebar_border_color': u'C0DEED', u'id_str': u'19818128', u'profile_background_color': u'C0DEED', u'listed_count': 1, u'profile_background_image_url_https': u'https://si0.twimg.com/images/themes/theme1/bg.png', u'utc_offset': 3600, u'statuses_count': 38, u'description': u'Something awfully pretentious', u'friends_count': 314, u'location': u'', u'profile_link_color': u'0084B4', u'profile_image_url': u'http://a0.twimg.com/profile_images/1776075011/Photo_on_1-23-12_at_20.00___2_normal.jpg', u'following': False, u'geo_enabled': False, u'profile_background_image_url': u'http://a0.twimg.com/images/themes/theme1/bg.png', u'screen_name': u'eelkeh', u'lang': u'en', u'profile_background_tile': False, u'favourites_count': 2, u'name': u'Eelke Hermens', u'notifications': False, u'url': None, u'created_at': u'Sat Jan 31 15:18:29 +0000 2009', u'contributors_enabled': False, u'time_zone': u'Amsterdam', u'protected': False, u'default_profile': True, u'is_translator': False}
None	None	Wed May 26 19:23:24 +0000 2010	{u'user_mentions': [], u'hashtags': [{u'indices': [98, 109], u'text': u'carredebat'}], u'urls': []}	False	None	14783207379	14783207379	None	None	None	None	None	None	0	False	web	Emile Roemer mag Cohen wel een lesje ontspannen debaten gaan geven, wat een ongelooflijk contrast #carredebat	False	{u'follow_request_sent': False, u'profile_use_background_image': True, u'default_profile_image': False, u'id': 19818128, u'verified': False, u'profile_text_color': u'333333', u'profile_image_url_https': u'https://si0.twimg.com/profile_images/1776075011/Photo_on_1-23-12_at_20.00___2_normal.jpg', u'profile_sidebar_fill_color': u'DDEEF6', u'entities': {u'description': {u'urls': []}}, u'followers_count': 62, u'profile_sidebar_border_color': u'C0DEED', u'id_str': u'19818128', u'profile_background_color': u'C0DEED', u'listed_count': 1, u'profile_background_image_url_https': u'https://si0.twimg.com/images/themes/theme1/bg.png', u'utc_offset': 3600, u'statuses_count': 38, u'description': u'Something awfully pretentious', u'friends_count': 314, u'location': u'', u'profile_link_color': u'0084B4', u'profile_image_url': u'http://a0.twimg.com/profile_images/1776075011/Photo_on_1-23-12_at_20.00___2_normal.jpg', u'following': False, u'geo_enabled': False, u'profile_background_image_url': u'http://a0.twimg.com/images/themes/theme1/bg.png', u'screen_name': u'eelkeh', u'lang': u'en', u'profile_background_tile': False, u'favourites_count': 2, u'name': u'Eelke Hermens', u'notifications': False, u'url': None, u'created_at': u'Sat Jan 31 15:18:29 +0000 2009', u'contributors_enabled': False, u'time_zone': u'Amsterdam', u'protected': False, u'default_profile': True, u'is_translator': False}
None	None	Wed May 26 19:08:27 +0000 2010	{u'user_mentions': [], u'hashtags': [{u'indices': [64, 75], u'text': u'carredebat'}], u'urls': []}	False	None	14782468579	14782468579	None	None	None	None	None	None	0	False	web	Nog een debat in top trending wereldwijd, Nederland twitterland #carredebat	False	{u'follow_request_sent': False, u'profile_use_background_image': True, u'default_profile_image': False, u'id': 19818128, u'verified': False, u'profile_text_color': u'333333', u'profile_image_url_https': u'https://si0.twimg.com/profile_images/1776075011/Photo_on_1-23-12_at_20.00___2_normal.jpg', u'profile_sidebar_fill_color': u'DDEEF6', u'entities': {u'description': {u'urls': []}}, u'followers_count': 62, u'profile_sidebar_border_color': u'C0DEED', u'id_str': u'19818128', u'profile_background_color': u'C0DEED', u'listed_count': 1, u'profile_background_image_url_https': u'https://si0.twimg.com/images/themes/theme1/bg.png', u'utc_offset': 3600, u'statuses_count': 38, u'description': u'Something awfully pretentious', u'friends_count': 314, u'location': u'', u'profile_link_color': u'0084B4', u'profile_image_url': u'http://a0.twimg.com/profile_images/1776075011/Photo_on_1-23-12_at_20.00___2_normal.jpg', u'following': False, u'geo_enabled': False, u'profile_background_image_url': u'http://a0.twimg.com/images/themes/theme1/bg.png', u'screen_name': u'eelkeh', u'lang': u'en', u'profile_background_tile': False, u'favourites_count': 2, u'name': u'Eelke Hermens', u'notifications': False, u'url': None, u'created_at': u'Sat Jan 31 15:18:29 +0000 2009', u'contributors_enabled': False, u'time_zone': u'Amsterdam', u'protected': False, u'default_profile': True, u'is_translator': False}
None	None	Sun May 09 20:51:55 +0000 2010	{u'user_mentions': [], u'hashtags': [], u'urls': []}	False	None	13687229678	13687229678	None	None	None	None	None	None	0	False	<a href="http://timespeople.nytimes.com" rel="nofollow">TimesPeople</a>	Tell-All Generation Learns to Keep Things Offline - http://nyti.ms/by4SIp	False	{u'follow_request_sent': False, u'profile_use_background_image': True, u'default_profile_image': False, u'id': 19818128, u'verified': False, u'profile_text_color': u'333333', u'profile_image_url_https': u'https://si0.twimg.com/profile_images/1776075011/Photo_on_1-23-12_at_20.00___2_normal.jpg', u'profile_sidebar_fill_color': u'DDEEF6', u'entities': {u'description': {u'urls': []}}, u'followers_count': 62, u'profile_sidebar_border_color': u'C0DEED', u'id_str': u'19818128', u'profile_background_color': u'C0DEED', u'listed_count': 1, u'profile_background_image_url_https': u'https://si0.twimg.com/images/themes/theme1/bg.png', u'utc_offset': 3600, u'statuses_count': 38, u'description': u'Something awfully pretentious', u'friends_count': 314, u'location': u'', u'profile_link_color': u'0084B4', u'profile_image_url': u'http://a0.twimg.com/profile_images/1776075011/Photo_on_1-23-12_at_20.00___2_normal.jpg', u'following': False, u'geo_enabled': False, u'profile_background_image_url': u'http://a0.twimg.com/images/themes/theme1/bg.png', u'screen_name': u'eelkeh', u'lang': u'en', u'profile_background_tile': False, u'favourites_count': 2, u'name': u'Eelke Hermens', u'notifications': False, u'url': None, u'created_at': u'Sat Jan 31 15:18:29 +0000 2009', u'contributors_enabled': False, u'time_zone': u'Amsterdam', u'protected': False, u'default_profile': True, u'is_translator': False}
None	None	Sun Mar 07 12:27:49 +0000 2010	{u'user_mentions': [{u'id': 77329833, u'indices': [0, 13], u'id_str': u'77329833', u'screen_name': u'thomashosman', u'name': u'Thomas Hosman'}], u'hashtags': [], u'urls': []}	False	None	10118126273	10118126273	thomashosman	10117978350	10117978350	77329833	77329833	None	0	False	<a href="https://chrome.google.com/extensions/detail/encaiiljifbdbjlphpgpiimidegddhic" rel="nofollow">Silver Bird</a>	@thomashosman Staat me bij dat Mattie ooit contact heeft gehad met speechschrijver van Cohen.	False	{u'follow_request_sent': False, u'profile_use_background_image': True, u'default_profile_image': False, u'id': 19818128, u'verified': False, u'profile_text_color': u'333333', u'profile_image_url_https': u'https://si0.twimg.com/profile_images/1776075011/Photo_on_1-23-12_at_20.00___2_normal.jpg', u'profile_sidebar_fill_color': u'DDEEF6', u'entities': {u'description': {u'urls': []}}, u'followers_count': 62, u'profile_sidebar_border_color': u'C0DEED', u'id_str': u'19818128', u'profile_background_color': u'C0DEED', u'listed_count': 1, u'profile_background_image_url_https': u'https://si0.twimg.com/images/themes/theme1/bg.png', u'utc_offset': 3600, u'statuses_count': 38, u'description': u'Something awfully pretentious', u'friends_count': 314, u'location': u'', u'profile_link_color': u'0084B4', u'profile_image_url': u'http://a0.twimg.com/profile_images/1776075011/Photo_on_1-23-12_at_20.00___2_normal.jpg', u'following': False, u'geo_enabled': False, u'profile_background_image_url': u'http://a0.twimg.com/images/themes/theme1/bg.png', u'screen_name': u'eelkeh', u'lang': u'en', u'profile_background_tile': False, u'favourites_count': 2, u'name': u'Eelke Hermens', u'notifications': False, u'url': None, u'created_at': u'Sat Jan 31 15:18:29 +0000 2009', u'contributors_enabled': False, u'time_zone': u'Amsterdam', u'protected': False, u'default_profile': True, u'is_translator': False}
None	None	Fri Mar 05 20:15:56 +0000 2010	{u'user_mentions': [{u'id': 77329833, u'indices': [3, 16], u'id_str': u'77329833', u'screen_name': u'thomashosman', u'name': u'Thomas Hosman'}], u'hashtags': [], u'urls': []}	False	None	10040132351	10040132351	None	None	None	None	None	None	1	False	web	RT @thomashosman: Oscarnacht helemaal uitverkocht, maar caf√© is open met schermen waarop uitz. en uitreiking te zien zijn! http://bit.ly ...	False	{u'follow_request_sent': False, u'profile_use_background_image': True, u'default_profile_image': False, u'id': 19818128, u'verified': False, u'profile_text_color': u'333333', u'profile_image_url_https': u'https://si0.twimg.com/profile_images/1776075011/Photo_on_1-23-12_at_20.00___2_normal.jpg', u'profile_sidebar_fill_color': u'DDEEF6', u'entities': {u'description': {u'urls': []}}, u'followers_count': 62, u'profile_sidebar_border_color': u'C0DEED', u'id_str': u'19818128', u'profile_background_color': u'C0DEED', u'listed_count': 1, u'profile_background_image_url_https': u'https://si0.twimg.com/images/themes/theme1/bg.png', u'utc_offset': 3600, u'statuses_count': 38, u'description': u'Something awfully pretentious', u'friends_count': 314, u'location': u'', u'profile_link_color': u'0084B4', u'profile_image_url': u'http://a0.twimg.com/profile_images/1776075011/Photo_on_1-23-12_at_20.00___2_normal.jpg', u'following': False, u'geo_enabled': False, u'profile_background_image_url': u'http://a0.twimg.com/images/themes/theme1/bg.png', u'screen_name': u'eelkeh', u'lang': u'en', u'profile_background_tile': False, u'favourites_count': 2, u'name': u'Eelke Hermens', u'notifications': False, u'url': None, u'created_at': u'Sat Jan 31 15:18:29 +0000 2009', u'contributors_enabled': False, u'time_zone': u'Amsterdam', u'protected': False, u'default_profile': True, u'is_translator': False}
None	None	Tue Mar 02 23:01:40 +0000 2010	{u'user_mentions': [], u'hashtags': [{u'indices': [33, 38], u'text': u'penw'}], u'urls': []}	False	None	9895739115	9895739115	None	None	None	None	None	None	0	False	web	Oh nee... Van Geel pulls a Nixon #penw	False	{u'follow_request_sent': False, u'profile_use_background_image': True, u'default_profile_image': False, u'id': 19818128, u'verified': False, u'profile_text_color': u'333333', u'profile_image_url_https': u'https://si0.twimg.com/profile_images/1776075011/Photo_on_1-23-12_at_20.00___2_normal.jpg', u'profile_sidebar_fill_color': u'DDEEF6', u'entities': {u'description': {u'urls': []}}, u'followers_count': 62, u'profile_sidebar_border_color': u'C0DEED', u'id_str': u'19818128', u'profile_background_color': u'C0DEED', u'listed_count': 1, u'profile_background_image_url_https': u'https://si0.twimg.com/images/themes/theme1/bg.png', u'utc_offset': 3600, u'statuses_count': 38, u'description': u'Something awfully pretentious', u'friends_count': 314, u'location': u'', u'profile_link_color': u'0084B4', u'profile_image_url': u'http://a0.twimg.com/profile_images/1776075011/Photo_on_1-23-12_at_20.00___2_normal.jpg', u'following': False, u'geo_enabled': False, u'profile_background_image_url': u'http://a0.twimg.com/images/themes/theme1/bg.png', u'screen_name': u'eelkeh', u'lang': u'en', u'profile_background_tile': False, u'favourites_count': 2, u'name': u'Eelke Hermens', u'notifications': False, u'url': None, u'created_at': u'Sat Jan 31 15:18:29 +0000 2009', u'contributors_enabled': False, u'time_zone': u'Amsterdam', u'protected': False, u'default_profile': True, u'is_translator': False}
None	None	Tue Mar 02 22:53:28 +0000 2010	{u'user_mentions': [], u'hashtags': [{u'indices': [58, 63], u'text': u'penw'}], u'urls': []}	False	None	9895405437	9895405437	None	None	None	None	None	None	0	False	web	Bos krijgt zwetende snor, ben bang voor Nixon incident... #penw	False	{u'follow_request_sent': False, u'profile_use_background_image': True, u'default_profile_image': False, u'id': 19818128, u'verified': False, u'profile_text_color': u'333333', u'profile_image_url_https': u'https://si0.twimg.com/profile_images/1776075011/Photo_on_1-23-12_at_20.00___2_normal.jpg', u'profile_sidebar_fill_color': u'DDEEF6', u'entities': {u'description': {u'urls': []}}, u'followers_count': 62, u'profile_sidebar_border_color': u'C0DEED', u'id_str': u'19818128', u'profile_background_color': u'C0DEED', u'listed_count': 1, u'profile_background_image_url_https': u'https://si0.twimg.com/images/themes/theme1/bg.png', u'utc_offset': 3600, u'statuses_count': 38, u'description': u'Something awfully pretentious', u'friends_count': 314, u'location': u'', u'profile_link_color': u'0084B4', u'profile_image_url': u'http://a0.twimg.com/profile_images/1776075011/Photo_on_1-23-12_at_20.00___2_normal.jpg', u'following': False, u'geo_enabled': False, u'profile_background_image_url': u'http://a0.twimg.com/images/themes/theme1/bg.png', u'screen_name': u'eelkeh', u'lang': u'en', u'profile_background_tile': False, u'favourites_count': 2, u'name': u'Eelke Hermens', u'notifications': False, u'url': None, u'created_at': u'Sat Jan 31 15:18:29 +0000 2009', u'contributors_enabled': False, u'time_zone': u'Amsterdam', u'protected': False, u'default_profile': True, u'is_translator': False}
None	None	Tue Mar 02 22:28:08 +0000 2010	{u'user_mentions': [], u'hashtags': [{u'indices': [105, 110], u'text': u'penw'}], u'urls': []}	False	None	9894401346	9894401346	None	None	None	None	None	None	0	False	web	Wilderbashers start your engines. Gaat iemand nog vertellen waarom hij er niet bij is? Niet uitgenodigd? #penw	False	{u'follow_request_sent': False, u'profile_use_background_image': True, u'default_profile_image': False, u'id': 19818128, u'verified': False, u'profile_text_color': u'333333', u'profile_image_url_https': u'https://si0.twimg.com/profile_images/1776075011/Photo_on_1-23-12_at_20.00___2_normal.jpg', u'profile_sidebar_fill_color': u'DDEEF6', u'entities': {u'description': {u'urls': []}}, u'followers_count': 62, u'profile_sidebar_border_color': u'C0DEED', u'id_str': u'19818128', u'profile_background_color': u'C0DEED', u'listed_count': 1, u'profile_background_image_url_https': u'https://si0.twimg.com/images/themes/theme1/bg.png', u'utc_offset': 3600, u'statuses_count': 38, u'description': u'Something awfully pretentious', u'friends_count': 314, u'location': u'', u'profile_link_color': u'0084B4', u'profile_image_url': u'http://a0.twimg.com/profile_images/1776075011/Photo_on_1-23-12_at_20.00___2_normal.jpg', u'following': False, u'geo_enabled': False, u'profile_background_image_url': u'http://a0.twimg.com/images/themes/theme1/bg.png', u'screen_name': u'eelkeh', u'lang': u'en', u'profile_background_tile': False, u'favourites_count': 2, u'name': u'Eelke Hermens', u'notifications': False, u'url': None, u'created_at': u'Sat Jan 31 15:18:29 +0000 2009', u'contributors_enabled': False, u'time_zone': u'Amsterdam', u'protected': False, u'default_profile': True, u'is_translator': False}
None	None	Tue Mar 02 22:19:35 +0000 2010	{u'user_mentions': [{u'id': 80255007, u'indices': [3, 19], u'id_str': u'80255007', u'screen_name': u'jeroenvanberkel', u'name': u'Jeroen van Berkel'}], u'hashtags': [{u'indices': [117, 122], u'text': u'penw'}, {u'indices': [123, 134], u'text': u'festlokdem'}], u'urls': []}	False	None	9894067442	9894067442	None	None	None	None	None	None	2	False	web	RT @jeroenvanberkel: Kant krijst er even twee zetels af voor de SP zo vlak voor het slapen gaan van Wakker Nederland #penw #festlokdem	False	{u'follow_request_sent': False, u'profile_use_background_image': True, u'default_profile_image': False, u'id': 19818128, u'verified': False, u'profile_text_color': u'333333', u'profile_image_url_https': u'https://si0.twimg.com/profile_images/1776075011/Photo_on_1-23-12_at_20.00___2_normal.jpg', u'profile_sidebar_fill_color': u'DDEEF6', u'entities': {u'description': {u'urls': []}}, u'followers_count': 62, u'profile_sidebar_border_color': u'C0DEED', u'id_str': u'19818128', u'profile_background_color': u'C0DEED', u'listed_count': 1, u'profile_background_image_url_https': u'https://si0.twimg.com/images/themes/theme1/bg.png', u'utc_offset': 3600, u'statuses_count': 38, u'description': u'Something awfully pretentious', u'friends_count': 314, u'location': u'', u'profile_link_color': u'0084B4', u'profile_image_url': u'http://a0.twimg.com/profile_images/1776075011/Photo_on_1-23-12_at_20.00___2_normal.jpg', u'following': False, u'geo_enabled': False, u'profile_background_image_url': u'http://a0.twimg.com/images/themes/theme1/bg.png', u'screen_name': u'eelkeh', u'lang': u'en', u'profile_background_tile': False, u'favourites_count': 2, u'name': u'Eelke Hermens', u'notifications': False, u'url': None, u'created_at': u'Sat Jan 31 15:18:29 +0000 2009', u'contributors_enabled': False, u'time_zone': u'Amsterdam', u'protected': False, u'default_profile': True, u'is_translator': False}
None	None	Thu Feb 25 20:04:05 +0000 2010	{u'user_mentions': [{u'id': 79797834, u'indices': [3, 16], u'id_str': u'79797834', u'screen_name': u'ebertchicago', u'name': u'Roger Ebert'}], u'hashtags': [], u'urls': []}	False	None	9640973955	9640973955	None	None	None	None	None	None	189	False	web	RT @ebertchicago: 3-D is a waste of a perfectly good dimension.	False	{u'follow_request_sent': False, u'profile_use_background_image': True, u'default_profile_image': False, u'id': 19818128, u'verified': False, u'profile_text_color': u'333333', u'profile_image_url_https': u'https://si0.twimg.com/profile_images/1776075011/Photo_on_1-23-12_at_20.00___2_normal.jpg', u'profile_sidebar_fill_color': u'DDEEF6', u'entities': {u'description': {u'urls': []}}, u'followers_count': 62, u'profile_sidebar_border_color': u'C0DEED', u'id_str': u'19818128', u'profile_background_color': u'C0DEED', u'listed_count': 1, u'profile_background_image_url_https': u'https://si0.twimg.com/images/themes/theme1/bg.png', u'utc_offset': 3600, u'statuses_count': 38, u'description': u'Something awfully pretentious', u'friends_count': 314, u'location': u'', u'profile_link_color': u'0084B4', u'profile_image_url': u'http://a0.twimg.com/profile_images/1776075011/Photo_on_1-23-12_at_20.00___2_normal.jpg', u'following': False, u'geo_enabled': False, u'profile_background_image_url': u'http://a0.twimg.com/images/themes/theme1/bg.png', u'screen_name': u'eelkeh', u'lang': u'en', u'profile_background_tile': False, u'favourites_count': 2, u'name': u'Eelke Hermens', u'notifications': False, u'url': None, u'created_at': u'Sat Jan 31 15:18:29 +0000 2009', u'contributors_enabled': False, u'time_zone': u'Amsterdam', u'protected': False, u'default_profile': True, u'is_translator': False}
None	None	Tue Feb 23 10:36:10 +0000 2010	{u'user_mentions': [{u'id': 77329833, u'indices': [3, 16], u'id_str': u'77329833', u'screen_name': u'thomashosman', u'name': u'Thomas Hosman'}], u'hashtags': [], u'urls': []}	False	None	9520546377	9520546377	None	None	None	None	None	None	1	False	web	RT @thomashosman: Cineville, VPRO en De Balie presenteren: De Oscarnacht. Met veel gasten, muziek, films en live uitzending! http://tiny ...	False	{u'follow_request_sent': False, u'profile_use_background_image': True, u'default_profile_image': False, u'id': 19818128, u'verified': False, u'profile_text_color': u'333333', u'profile_image_url_https': u'https://si0.twimg.com/profile_images/1776075011/Photo_on_1-23-12_at_20.00___2_normal.jpg', u'profile_sidebar_fill_color': u'DDEEF6', u'entities': {u'description': {u'urls': []}}, u'followers_count': 62, u'profile_sidebar_border_color': u'C0DEED', u'id_str': u'19818128', u'profile_background_color': u'C0DEED', u'listed_count': 1, u'profile_background_image_url_https': u'https://si0.twimg.com/images/themes/theme1/bg.png', u'utc_offset': 3600, u'statuses_count': 38, u'description': u'Something awfully pretentious', u'friends_count': 314, u'location': u'', u'profile_link_color': u'0084B4', u'profile_image_url': u'http://a0.twimg.com/profile_images/1776075011/Photo_on_1-23-12_at_20.00___2_normal.jpg', u'following': False, u'geo_enabled': False, u'profile_background_image_url': u'http://a0.twimg.com/images/themes/theme1/bg.png', u'screen_name': u'eelkeh', u'lang': u'en', u'profile_background_tile': False, u'favourites_count': 2, u'name': u'Eelke Hermens', u'notifications': False, u'url': None, u'created_at': u'Sat Jan 31 15:18:29 +0000 2009', u'contributors_enabled': False, u'time_zone': u'Amsterdam', u'protected': False, u'default_profile': True, u'is_translator': False}
None	None	Wed Feb 17 13:11:28 +0000 2010	{u'user_mentions': [{u'id': 87201342, u'indices': [3, 13], u'id_str': u'87201342', u'screen_name': u'Cineville', u'name': u'Cineville'}], u'hashtags': [{u'indices': [63, 70], u'text': u'Disney'}, {u'indices': [71, 89], u'text': u'AliceinWonderland'}], u'urls': []}	False	None	9232875238	9232875238	None	None	None	None	None	None	1	False	web	RT @Cineville: Bedrijven in spagaat http://tinyurl.com/yblgdep #Disney #AliceinWonderland	False	{u'follow_request_sent': False, u'profile_use_background_image': True, u'default_profile_image': False, u'id': 19818128, u'verified': False, u'profile_text_color': u'333333', u'profile_image_url_https': u'https://si0.twimg.com/profile_images/1776075011/Photo_on_1-23-12_at_20.00___2_normal.jpg', u'profile_sidebar_fill_color': u'DDEEF6', u'entities': {u'description': {u'urls': []}}, u'followers_count': 62, u'profile_sidebar_border_color': u'C0DEED', u'id_str': u'19818128', u'profile_background_color': u'C0DEED', u'listed_count': 1, u'profile_background_image_url_https': u'https://si0.twimg.com/images/themes/theme1/bg.png', u'utc_offset': 3600, u'statuses_count': 38, u'description': u'Something awfully pretentious', u'friends_count': 314, u'location': u'', u'profile_link_color': u'0084B4', u'profile_image_url': u'http://a0.twimg.com/profile_images/1776075011/Photo_on_1-23-12_at_20.00___2_normal.jpg', u'following': False, u'geo_enabled': False, u'profile_background_image_url': u'http://a0.twimg.com/images/themes/theme1/bg.png', u'screen_name': u'eelkeh', u'lang': u'en', u'profile_background_tile': False, u'favourites_count': 2, u'name': u'Eelke Hermens', u'notifications': False, u'url': None, u'created_at': u'Sat Jan 31 15:18:29 +0000 2009', u'contributors_enabled': False, u'time_zone': u'Amsterdam', u'protected': False, u'default_profile': True, u'is_translator': False}
None	None	Thu Feb 04 16:43:07 +0000 2010	{u'user_mentions': [{u'id': 3646911, u'indices': [3, 18], u'id_str': u'3646911', u'screen_name': u'empiremagazine', u'name': u'Empire Magazine'}, {u'id': 18671559, u'indices': [23, 35], u'id_str': u'18671559', u'screen_name': u'edgarwright', u'name': u'edgarwright'}], u'hashtags': [], u'urls': []}	False	None	8638853910	8638853910	None	None	None	None	None	None	11	False	web	RT @empiremagazine: RT @edgarwright: George A Romero is 70 today. I wouldn't be where I am without the great man. Raise a glass to the r ...	False	{u'follow_request_sent': False, u'profile_use_background_image': True, u'default_profile_image': False, u'id': 19818128, u'verified': False, u'profile_text_color': u'333333', u'profile_image_url_https': u'https://si0.twimg.com/profile_images/1776075011/Photo_on_1-23-12_at_20.00___2_normal.jpg', u'profile_sidebar_fill_color': u'DDEEF6', u'entities': {u'description': {u'urls': []}}, u'followers_count': 62, u'profile_sidebar_border_color': u'C0DEED', u'id_str': u'19818128', u'profile_background_color': u'C0DEED', u'listed_count': 1, u'profile_background_image_url_https': u'https://si0.twimg.com/images/themes/theme1/bg.png', u'utc_offset': 3600, u'statuses_count': 38, u'description': u'Something awfully pretentious', u'friends_count': 314, u'location': u'', u'profile_link_color': u'0084B4', u'profile_image_url': u'http://a0.twimg.com/profile_images/1776075011/Photo_on_1-23-12_at_20.00___2_normal.jpg', u'following': False, u'geo_enabled': False, u'profile_background_image_url': u'http://a0.twimg.com/images/themes/theme1/bg.png', u'screen_name': u'eelkeh', u'lang': u'en', u'profile_background_tile': False, u'favourites_count': 2, u'name': u'Eelke Hermens', u'notifications': False, u'url': None, u'created_at': u'Sat Jan 31 15:18:29 +0000 2009', u'contributors_enabled': False, u'time_zone': u'Amsterdam', u'protected': False, u'default_profile': True, u'is_translator': False}
None	None	Sun Jan 17 17:16:29 +0000 2010	{u'user_mentions': [], u'hashtags': [], u'urls': []}	False	None	7869730732	7869730732	None	None	None	None	None	None	0	False	<a href="http://echofon.com/" rel="nofollow">Echofon</a>	Eerste tweet vanaf iPhone!	False	{u'follow_request_sent': False, u'profile_use_background_image': True, u'default_profile_image': False, u'id': 19818128, u'verified': False, u'profile_text_color': u'333333', u'profile_image_url_https': u'https://si0.twimg.com/profile_images/1776075011/Photo_on_1-23-12_at_20.00___2_normal.jpg', u'profile_sidebar_fill_color': u'DDEEF6', u'entities': {u'description': {u'urls': []}}, u'followers_count': 62, u'profile_sidebar_border_color': u'C0DEED', u'id_str': u'19818128', u'profile_background_color': u'C0DEED', u'listed_count': 1, u'profile_background_image_url_https': u'https://si0.twimg.com/images/themes/theme1/bg.png', u'utc_offset': 3600, u'statuses_count': 38, u'description': u'Something awfully pretentious', u'friends_count': 314, u'location': u'', u'profile_link_color': u'0084B4', u'profile_image_url': u'http://a0.twimg.com/profile_images/1776075011/Photo_on_1-23-12_at_20.00___2_normal.jpg', u'following': False, u'geo_enabled': False, u'profile_background_image_url': u'http://a0.twimg.com/images/themes/theme1/bg.png', u'screen_name': u'eelkeh', u'lang': u'en', u'profile_background_tile': False, u'favourites_count': 2, u'name': u'Eelke Hermens', u'notifications': False, u'url': None, u'created_at': u'Sat Jan 31 15:18:29 +0000 2009', u'contributors_enabled': False, u'time_zone': u'Amsterdam', u'protected': False, u'default_profile': True, u'is_translator': False}
None	None	Mon Nov 16 23:53:20 +0000 2009	{u'user_mentions': [], u'hashtags': [], u'urls': []}	False	None	5780115283	5780115283	None	None	None	None	None	None	0	False	web	Dit gaat niet lukken...	False	{u'follow_request_sent': False, u'profile_use_background_image': True, u'default_profile_image': False, u'id': 19818128, u'verified': False, u'profile_text_color': u'333333', u'profile_image_url_https': u'https://si0.twimg.com/profile_images/1776075011/Photo_on_1-23-12_at_20.00___2_normal.jpg', u'profile_sidebar_fill_color': u'DDEEF6', u'entities': {u'description': {u'urls': []}}, u'followers_count': 62, u'profile_sidebar_border_color': u'C0DEED', u'id_str': u'19818128', u'profile_background_color': u'C0DEED', u'listed_count': 1, u'profile_background_image_url_https': u'https://si0.twimg.com/images/themes/theme1/bg.png', u'utc_offset': 3600, u'statuses_count': 38, u'description': u'Something awfully pretentious', u'friends_count': 314, u'location': u'', u'profile_link_color': u'0084B4', u'profile_image_url': u'http://a0.twimg.com/profile_images/1776075011/Photo_on_1-23-12_at_20.00___2_normal.jpg', u'following': False, u'geo_enabled': False, u'profile_background_image_url': u'http://a0.twimg.com/images/themes/theme1/bg.png', u'screen_name': u'eelkeh', u'lang': u'en', u'profile_background_tile': False, u'favourites_count': 2, u'name': u'Eelke Hermens', u'notifications': False, u'url': None, u'created_at': u'Sat Jan 31 15:18:29 +0000 2009', u'contributors_enabled': False, u'time_zone': u'Amsterdam', u'protected': False, u'default_profile': True, u'is_translator': False}
None	None	Fri Nov 06 22:37:33 +0000 2009	{u'user_mentions': [{u'id': 45600841, u'indices': [0, 13], u'id_str': u'45600841', u'screen_name': u'tweetingdumb', u'name': u'Tweetle Dumb'}], u'hashtags': [], u'urls': []}	False	None	5491039488	5491039488	tweetingdumb	5491006481	5491006481	45600841	45600841	None	0	False	web	@tweetingdumb Could i get one of your invites? at eelkehermens@gmail.com	False	{u'follow_request_sent': False, u'profile_use_background_image': True, u'default_profile_image': False, u'id': 19818128, u'verified': False, u'profile_text_color': u'333333', u'profile_image_url_https': u'https://si0.twimg.com/profile_images/1776075011/Photo_on_1-23-12_at_20.00___2_normal.jpg', u'profile_sidebar_fill_color': u'DDEEF6', u'entities': {u'description': {u'urls': []}}, u'followers_count': 62, u'profile_sidebar_border_color': u'C0DEED', u'id_str': u'19818128', u'profile_background_color': u'C0DEED', u'listed_count': 1, u'profile_background_image_url_https': u'https://si0.twimg.com/images/themes/theme1/bg.png', u'utc_offset': 3600, u'statuses_count': 38, u'description': u'Something awfully pretentious', u'friends_count': 314, u'location': u'', u'profile_link_color': u'0084B4', u'profile_image_url': u'http://a0.twimg.com/profile_images/1776075011/Photo_on_1-23-12_at_20.00___2_normal.jpg', u'following': False, u'geo_enabled': False, u'profile_background_image_url': u'http://a0.twimg.com/images/themes/theme1/bg.png', u'screen_name': u'eelkeh', u'lang': u'en', u'profile_background_tile': False, u'favourites_count': 2, u'name': u'Eelke Hermens', u'notifications': False, u'url': None, u'created_at': u'Sat Jan 31 15:18:29 +0000 2009', u'contributors_enabled': False, u'time_zone': u'Amsterdam', u'protected': False, u'default_profile': True, u'is_translator': False}
None	None	Fri Nov 06 22:34:12 +0000 2009	{u'user_mentions': [{u'id': 18395303, u'indices': [0, 9], u'id_str': u'18395303', u'screen_name': u'guydmann', u'name': u'Guy Mann'}], u'hashtags': [], u'urls': []}	False	None	5490960396	5490960396	guydmann	5490891063	5490891063	18395303	18395303	None	0	False	web	@guydmann I would love one of your Google Wave invites, eelkehermens@gmail.com	False	{u'follow_request_sent': False, u'profile_use_background_image': True, u'default_profile_image': False, u'id': 19818128, u'verified': False, u'profile_text_color': u'333333', u'profile_image_url_https': u'https://si0.twimg.com/profile_images/1776075011/Photo_on_1-23-12_at_20.00___2_normal.jpg', u'profile_sidebar_fill_color': u'DDEEF6', u'entities': {u'description': {u'urls': []}}, u'followers_count': 62, u'profile_sidebar_border_color': u'C0DEED', u'id_str': u'19818128', u'profile_background_color': u'C0DEED', u'listed_count': 1, u'profile_background_image_url_https': u'https://si0.twimg.com/images/themes/theme1/bg.png', u'utc_offset': 3600, u'statuses_count': 38, u'description': u'Something awfully pretentious', u'friends_count': 314, u'location': u'', u'profile_link_color': u'0084B4', u'profile_image_url': u'http://a0.twimg.com/profile_images/1776075011/Photo_on_1-23-12_at_20.00___2_normal.jpg', u'following': False, u'geo_enabled': False, u'profile_background_image_url': u'http://a0.twimg.com/images/themes/theme1/bg.png', u'screen_name': u'eelkeh', u'lang': u'en', u'profile_background_tile': False, u'favourites_count': 2, u'name': u'Eelke Hermens', u'notifications': False, u'url': None, u'created_at': u'Sat Jan 31 15:18:29 +0000 2009', u'contributors_enabled': False, u'time_zone': u'Amsterdam', u'protected': False, u'default_profile': True, u'is_translator': False}
None	None	Fri Nov 06 22:29:37 +0000 2009	{u'user_mentions': [{u'id': 109580109, u'indices': [0, 8], u'id_str': u'109580109', u'screen_name': u'tronash', u'name': u'Travis Robertson'}], u'hashtags': [], u'urls': []}	False	None	5490850577	5490850577	travisro	5490816364	5490816364	4278151	4278151	None	0	False	web	@TRONash I would love your Google Wave invite! eelkehermens@gmail.com	False	{u'follow_request_sent': False, u'profile_use_background_image': True, u'default_profile_image': False, u'id': 19818128, u'verified': False, u'profile_text_color': u'333333', u'profile_image_url_https': u'https://si0.twimg.com/profile_images/1776075011/Photo_on_1-23-12_at_20.00___2_normal.jpg', u'profile_sidebar_fill_color': u'DDEEF6', u'entities': {u'description': {u'urls': []}}, u'followers_count': 62, u'profile_sidebar_border_color': u'C0DEED', u'id_str': u'19818128', u'profile_background_color': u'C0DEED', u'listed_count': 1, u'profile_background_image_url_https': u'https://si0.twimg.com/images/themes/theme1/bg.png', u'utc_offset': 3600, u'statuses_count': 38, u'description': u'Something awfully pretentious', u'friends_count': 314, u'location': u'', u'profile_link_color': u'0084B4', u'profile_image_url': u'http://a0.twimg.com/profile_images/1776075011/Photo_on_1-23-12_at_20.00___2_normal.jpg', u'following': False, u'geo_enabled': False, u'profile_background_image_url': u'http://a0.twimg.com/images/themes/theme1/bg.png', u'screen_name': u'eelkeh', u'lang': u'en', u'profile_background_tile': False, u'favourites_count': 2, u'name': u'Eelke Hermens', u'notifications': False, u'url': None, u'created_at': u'Sat Jan 31 15:18:29 +0000 2009', u'contributors_enabled': False, u'time_zone': u'Amsterdam', u'protected': False, u'default_profile': True, u'is_translator': False}
None	None	Fri Nov 06 22:19:00 +0000 2009	{u'user_mentions': [], u'hashtags': [], u'urls': []}	False	None	5490602165	5490602165	None	None	None	None	None	None	0	False	web	Speciaal voor papa, Twitter updates, ik ga nu wijn drinken	False	{u'follow_request_sent': False, u'profile_use_background_image': True, u'default_profile_image': False, u'id': 19818128, u'verified': False, u'profile_text_color': u'333333', u'profile_image_url_https': u'https://si0.twimg.com/profile_images/1776075011/Photo_on_1-23-12_at_20.00___2_normal.jpg', u'profile_sidebar_fill_color': u'DDEEF6', u'entities': {u'description': {u'urls': []}}, u'followers_count': 62, u'profile_sidebar_border_color': u'C0DEED', u'id_str': u'19818128', u'profile_background_color': u'C0DEED', u'listed_count': 1, u'profile_background_image_url_https': u'https://si0.twimg.com/images/themes/theme1/bg.png', u'utc_offset': 3600, u'statuses_count': 38, u'description': u'Something awfully pretentious', u'friends_count': 314, u'location': u'', u'profile_link_color': u'0084B4', u'profile_image_url': u'http://a0.twimg.com/profile_images/1776075011/Photo_on_1-23-12_at_20.00___2_normal.jpg', u'following': False, u'geo_enabled': False, u'profile_background_image_url': u'http://a0.twimg.com/images/themes/theme1/bg.png', u'screen_name': u'eelkeh', u'lang': u'en', u'profile_background_tile': False, u'favourites_count': 2, u'name': u'Eelke Hermens', u'notifications': False, u'url': None, u'created_at': u'Sat Jan 31 15:18:29 +0000 2009', u'contributors_enabled': False, u'time_zone': u'Amsterdam', u'protected': False, u'default_profile': True, u'is_translator': False}
None	None	Fri Nov 06 22:16:12 +0000 2009	{u'user_mentions': [], u'hashtags': [], u'urls': []}	False	None	5490538205	5490538205	None	None	None	None	None	None	0	False	web	Ik ga er maar eens aan geloven... Twitter here I come...	False	{u'follow_request_sent': False, u'profile_use_background_image': True, u'default_profile_image': False, u'id': 19818128, u'verified': False, u'profile_text_color': u'333333', u'profile_image_url_https': u'https://si0.twimg.com/profile_images/1776075011/Photo_on_1-23-12_at_20.00___2_normal.jpg', u'profile_sidebar_fill_color': u'DDEEF6', u'entities': {u'description': {u'urls': []}}, u'followers_count': 62, u'profile_sidebar_border_color': u'C0DEED', u'id_str': u'19818128', u'profile_background_color': u'C0DEED', u'listed_count': 1, u'profile_background_image_url_https': u'https://si0.twimg.com/images/themes/theme1/bg.png', u'utc_offset': 3600, u'statuses_count': 38, u'description': u'Something awfully pretentious', u'friends_count': 314, u'location': u'', u'profile_link_color': u'0084B4', u'profile_image_url': u'http://a0.twimg.com/profile_images/1776075011/Photo_on_1-23-12_at_20.00___2_normal.jpg', u'following': False, u'geo_enabled': False, u'profile_background_image_url': u'http://a0.twimg.com/images/themes/theme1/bg.png', u'screen_name': u'eelkeh', u'lang': u'en', u'profile_background_tile': False, u'favourites_count': 2, u'name': u'Eelke Hermens', u'notifications': False, u'url': None, u'created_at': u'Sat Jan 31 15:18:29 +0000 2009', u'contributors_enabled': False, u'time_zone': u'Amsterdam', u'protected': False, u'default_profile': True, u'is_translator': False}
None	None	Thu Feb 05 22:06:51 +0000 2009	{u'user_mentions': [], u'hashtags': [], u'urls': []}	False	None	1181219022	1181219022	None	None	None	None	None	None	0	False	web	Hopsa, een redactiepagina gebouwd op http://79.170.91.100/~eelke/redactieOverzicht en filteren naar hartelust! Speciaal voor Janna!	False	{u'follow_request_sent': False, u'profile_use_background_image': True, u'default_profile_image': False, u'id': 19818128, u'verified': False, u'profile_text_color': u'333333', u'profile_image_url_https': u'https://si0.twimg.com/profile_images/1776075011/Photo_on_1-23-12_at_20.00___2_normal.jpg', u'profile_sidebar_fill_color': u'DDEEF6', u'entities': {u'description': {u'urls': []}}, u'followers_count': 62, u'profile_sidebar_border_color': u'C0DEED', u'id_str': u'19818128', u'profile_background_color': u'C0DEED', u'listed_count': 1, u'profile_background_image_url_https': u'https://si0.twimg.com/images/themes/theme1/bg.png', u'utc_offset': 3600, u'statuses_count': 38, u'description': u'Something awfully pretentious', u'friends_count': 314, u'location': u'', u'profile_link_color': u'0084B4', u'profile_image_url': u'http://a0.twimg.com/profile_images/1776075011/Photo_on_1-23-12_at_20.00___2_normal.jpg', u'following': False, u'geo_enabled': False, u'profile_background_image_url': u'http://a0.twimg.com/images/themes/theme1/bg.png', u'screen_name': u'eelkeh', u'lang': u'en', u'profile_background_tile': False, u'favourites_count': 2, u'name': u'Eelke Hermens', u'notifications': False, u'url': None, u'created_at': u'Sat Jan 31 15:18:29 +0000 2009', u'contributors_enabled': False, u'time_zone': u'Amsterdam', u'protected': False, u'default_profile': True, u'is_translator': False}
None	None	Thu Feb 05 21:38:42 +0000 2009	{u'user_mentions': [], u'hashtags': [], u'urls': []}	False	None	1181132463	1181132463	None	None	None	None	None	None	0	False	web	Wow de testfeed is weliswaar uit elkaar geklapt maar de live feed werkt fine! Thanks Robert! Morgen uitgebreid testen... signing out...	False	{u'follow_request_sent': False, u'profile_use_background_image': True, u'default_profile_image': False, u'id': 19818128, u'verified': False, u'profile_text_color': u'333333', u'profile_image_url_https': u'https://si0.twimg.com/profile_images/1776075011/Photo_on_1-23-12_at_20.00___2_normal.jpg', u'profile_sidebar_fill_color': u'DDEEF6', u'entities': {u'description': {u'urls': []}}, u'followers_count': 62, u'profile_sidebar_border_color': u'C0DEED', u'id_str': u'19818128', u'profile_background_color': u'C0DEED', u'listed_count': 1, u'profile_background_image_url_https': u'https://si0.twimg.com/images/themes/theme1/bg.png', u'utc_offset': 3600, u'statuses_count': 38, u'description': u'Something awfully pretentious', u'friends_count': 314, u'location': u'', u'profile_link_color': u'0084B4', u'profile_image_url': u'http://a0.twimg.com/profile_images/1776075011/Photo_on_1-23-12_at_20.00___2_normal.jpg', u'following': False, u'geo_enabled': False, u'profile_background_image_url': u'http://a0.twimg.com/images/themes/theme1/bg.png', u'screen_name': u'eelkeh', u'lang': u'en', u'profile_background_tile': False, u'favourites_count': 2, u'name': u'Eelke Hermens', u'notifications': False, u'url': None, u'created_at': u'Sat Jan 31 15:18:29 +0000 2009', u'contributors_enabled': False, u'time_zone': u'Amsterdam', u'protected': False, u'default_profile': True, u'is_translator': False}
None	None	Thu Feb 05 21:31:44 +0000 2009	{u'user_mentions': [], u'hashtags': [], u'urls': []}	False	None	1181110308	1181110308	None	None	None	None	None	None	0	False	web	En... de feed is gecrasht. Wel mooie RSS feeds gebouwd voor het AUB en het Parool vandaag en bijna een subsidieaanvraag af...Zzzz	False	{u'follow_request_sent': False, u'profile_use_background_image': True, u'default_profile_image': False, u'id': 19818128, u'verified': False, u'profile_text_color': u'333333', u'profile_image_url_https': u'https://si0.twimg.com/profile_images/1776075011/Photo_on_1-23-12_at_20.00___2_normal.jpg', u'profile_sidebar_fill_color': u'DDEEF6', u'entities': {u'description': {u'urls': []}}, u'followers_count': 62, u'profile_sidebar_border_color': u'C0DEED', u'id_str': u'19818128', u'profile_background_color': u'C0DEED', u'listed_count': 1, u'profile_background_image_url_https': u'https://si0.twimg.com/images/themes/theme1/bg.png', u'utc_offset': 3600, u'statuses_count': 38, u'description': u'Something awfully pretentious', u'friends_count': 314, u'location': u'', u'profile_link_color': u'0084B4', u'profile_image_url': u'http://a0.twimg.com/profile_images/1776075011/Photo_on_1-23-12_at_20.00___2_normal.jpg', u'following': False, u'geo_enabled': False, u'profile_background_image_url': u'http://a0.twimg.com/images/themes/theme1/bg.png', u'screen_name': u'eelkeh', u'lang': u'en', u'profile_background_tile': False, u'favourites_count': 2, u'name': u'Eelke Hermens', u'notifications': False, u'url': None, u'created_at': u'Sat Jan 31 15:18:29 +0000 2009', u'contributors_enabled': False, u'time_zone': u'Amsterdam', u'protected': False, u'default_profile': True, u'is_translator': False}
None	None	Sun Feb 01 00:04:43 +0000 2009	{u'user_mentions': [], u'hashtags': [], u'urls': []}	False	None	1165666130	1165666130	None	None	None	None	None	None	0	False	web	Signing out; Goede dag! Agenda voor theaters/films gemaakt, plus een oplossing voor trailers. No more big issues!	False	{u'follow_request_sent': False, u'profile_use_background_image': True, u'default_profile_image': False, u'id': 19818128, u'verified': False, u'profile_text_color': u'333333', u'profile_image_url_https': u'https://si0.twimg.com/profile_images/1776075011/Photo_on_1-23-12_at_20.00___2_normal.jpg', u'profile_sidebar_fill_color': u'DDEEF6', u'entities': {u'description': {u'urls': []}}, u'followers_count': 62, u'profile_sidebar_border_color': u'C0DEED', u'id_str': u'19818128', u'profile_background_color': u'C0DEED', u'listed_count': 1, u'profile_background_image_url_https': u'https://si0.twimg.com/images/themes/theme1/bg.png', u'utc_offset': 3600, u'statuses_count': 38, u'description': u'Something awfully pretentious', u'friends_count': 314, u'location': u'', u'profile_link_color': u'0084B4', u'profile_image_url': u'http://a0.twimg.com/profile_images/1776075011/Photo_on_1-23-12_at_20.00___2_normal.jpg', u'following': False, u'geo_enabled': False, u'profile_background_image_url': u'http://a0.twimg.com/images/themes/theme1/bg.png', u'screen_name': u'eelkeh', u'lang': u'en', u'profile_background_tile': False, u'favourites_count': 2, u'name': u'Eelke Hermens', u'notifications': False, u'url': None, u'created_at': u'Sat Jan 31 15:18:29 +0000 2009', u'contributors_enabled': False, u'time_zone': u'Amsterdam', u'protected': False, u'default_profile': True, u'is_translator': False}
None	None	Sat Jan 31 15:32:30 +0000 2009	{u'user_mentions': [{u'id': 19808459, u'indices': [0, 9], u'id_str': u'19808459', u'screen_name': u'hosmania', u'name': u'Thomas Hosman'}], u'hashtags': [], u'urls': []}	False	None	1164651810	1164651810	hosmania	1164523447	1164523447	19808459	19808459	None	0	False	web	@hosmania Nice job -&gt; theaterpagina's -&gt; kan je op skype komen als je kans hebt? Wil iets vragen over de paths...	False	{u'follow_request_sent': False, u'profile_use_background_image': True, u'default_profile_image': False, u'id': 19818128, u'verified': False, u'profile_text_color': u'333333', u'profile_image_url_https': u'https://si0.twimg.com/profile_images/1776075011/Photo_on_1-23-12_at_20.00___2_normal.jpg', u'profile_sidebar_fill_color': u'DDEEF6', u'entities': {u'description': {u'urls': []}}, u'followers_count': 62, u'profile_sidebar_border_color': u'C0DEED', u'id_str': u'19818128', u'profile_background_color': u'C0DEED', u'listed_count': 1, u'profile_background_image_url_https': u'https://si0.twimg.com/images/themes/theme1/bg.png', u'utc_offset': 3600, u'statuses_count': 38, u'description': u'Something awfully pretentious', u'friends_count': 314, u'location': u'', u'profile_link_color': u'0084B4', u'profile_image_url': u'http://a0.twimg.com/profile_images/1776075011/Photo_on_1-23-12_at_20.00___2_normal.jpg', u'following': False, u'geo_enabled': False, u'profile_background_image_url': u'http://a0.twimg.com/images/themes/theme1/bg.png', u'screen_name': u'eelkeh', u'lang': u'en', u'profile_background_tile': False, u'favourites_count': 2, u'name': u'Eelke Hermens', u'notifications': False, u'url': None, u'created_at': u'Sat Jan 31 15:18:29 +0000 2009', u'contributors_enabled': False, u'time_zone': u'Amsterdam', u'protected': False, u'default_profile': True, u'is_translator': False}
None	None	Sat Jan 31 15:28:14 +0000 2009	{u'user_mentions': [], u'hashtags': [], u'urls': []}	False	None	1164642861	1164642861	None	None	None	None	None	None	0	False	web	wordt dit ajax geupdate of moet je refreshen?	False	{u'follow_request_sent': False, u'profile_use_background_image': True, u'default_profile_image': False, u'id': 19818128, u'verified': False, u'profile_text_color': u'333333', u'profile_image_url_https': u'https://si0.twimg.com/profile_images/1776075011/Photo_on_1-23-12_at_20.00___2_normal.jpg', u'profile_sidebar_fill_color': u'DDEEF6', u'entities': {u'description': {u'urls': []}}, u'followers_count': 62, u'profile_sidebar_border_color': u'C0DEED', u'id_str': u'19818128', u'profile_background_color': u'C0DEED', u'listed_count': 1, u'profile_background_image_url_https': u'https://si0.twimg.com/images/themes/theme1/bg.png', u'utc_offset': 3600, u'statuses_count': 38, u'description': u'Something awfully pretentious', u'friends_count': 314, u'location': u'', u'profile_link_color': u'0084B4', u'profile_image_url': u'http://a0.twimg.com/profile_images/1776075011/Photo_on_1-23-12_at_20.00___2_normal.jpg', u'following': False, u'geo_enabled': False, u'profile_background_image_url': u'http://a0.twimg.com/images/themes/theme1/bg.png', u'screen_name': u'eelkeh', u'lang': u'en', u'profile_background_tile': False, u'favourites_count': 2, u'name': u'Eelke Hermens', u'notifications': False, u'url': None, u'created_at': u'Sat Jan 31 15:18:29 +0000 2009', u'contributors_enabled': False, u'time_zone': u'Amsterdam', u'protected': False, u'default_profile': True, u'is_translator': False}
None	None	Sat Jan 31 15:27:15 +0000 2009	{u'user_mentions': [{u'id': 19795364, u'indices': [0, 12], u'id_str': u'19795364', u'screen_name': u'ChairmanGus', u'name': u'Niels Bueller'}], u'hashtags': [], u'urls': []}	False	None	1164640821	1164640821	ChairmanGus	1164638022	1164638022	19795364	19795364	None	0	False	web	@ChairmanGus Hola, wat is Janna's usrname?	False	{u'follow_request_sent': False, u'profile_use_background_image': True, u'default_profile_image': False, u'id': 19818128, u'verified': False, u'profile_text_color': u'333333', u'profile_image_url_https': u'https://si0.twimg.com/profile_images/1776075011/Photo_on_1-23-12_at_20.00___2_normal.jpg', u'profile_sidebar_fill_color': u'DDEEF6', u'entities': {u'description': {u'urls': []}}, u'followers_count': 62, u'profile_sidebar_border_color': u'C0DEED', u'id_str': u'19818128', u'profile_background_color': u'C0DEED', u'listed_count': 1, u'profile_background_image_url_https': u'https://si0.twimg.com/images/themes/theme1/bg.png', u'utc_offset': 3600, u'statuses_count': 38, u'description': u'Something awfully pretentious', u'friends_count': 314, u'location': u'', u'profile_link_color': u'0084B4', u'profile_image_url': u'http://a0.twimg.com/profile_images/1776075011/Photo_on_1-23-12_at_20.00___2_normal.jpg', u'following': False, u'geo_enabled': False, u'profile_background_image_url': u'http://a0.twimg.com/images/themes/theme1/bg.png', u'screen_name': u'eelkeh', u'lang': u'en', u'profile_background_tile': False, u'favourites_count': 2, u'name': u'Eelke Hermens', u'notifications': False, u'url': None, u'created_at': u'Sat Jan 31 15:18:29 +0000 2009', u'contributors_enabled': False, u'time_zone': u'Amsterdam', u'protected': False, u'default_profile': True, u'is_translator': False}
None	None	Sat Jan 31 15:23:47 +0000 2009	{u'user_mentions': [], u'hashtags': [], u'urls': []}	False	None	1164633134	1164633134	None	None	None	None	None	None	0	False	web	@ de balie	False	{u'follow_request_sent': False, u'profile_use_background_image': True, u'default_profile_image': False, u'id': 19818128, u'verified': False, u'profile_text_color': u'333333', u'profile_image_url_https': u'https://si0.twimg.com/profile_images/1776075011/Photo_on_1-23-12_at_20.00___2_normal.jpg', u'profile_sidebar_fill_color': u'DDEEF6', u'entities': {u'description': {u'urls': []}}, u'followers_count': 62, u'profile_sidebar_border_color': u'C0DEED', u'id_str': u'19818128', u'profile_background_color': u'C0DEED', u'listed_count': 1, u'profile_background_image_url_https': u'https://si0.twimg.com/images/themes/theme1/bg.png', u'utc_offset': 3600, u'statuses_count': 38, u'description': u'Something awfully pretentious', u'friends_count': 314, u'location': u'', u'profile_link_color': u'0084B4', u'profile_image_url': u'http://a0.twimg.com/profile_images/1776075011/Photo_on_1-23-12_at_20.00___2_normal.jpg', u'following': False, u'geo_enabled': False, u'profile_background_image_url': u'http://a0.twimg.com/images/themes/theme1/bg.png', u'screen_name': u'eelkeh', u'lang': u'en', u'profile_background_tile': False, u'favourites_count': 2, u'name': u'Eelke Hermens', u'notifications': False, u'url': None, u'created_at': u'Sat Jan 31 15:18:29 +0000 2009', u'contributors_enabled': False, u'time_zone': u'Amsterdam', u'protected': False, u'default_profile': True, u'is_translator': False}
None	None	Sat Jan 31 15:22:51 +0000 2009	{u'user_mentions': [], u'hashtags': [], u'urls': []}	False	None	1164630957	1164630957	None	None	None	None	None	None	0	False	web	ok dit is echt gay... gelukkig heeft mchamer ook twitter	False	{u'follow_request_sent': False, u'profile_use_background_image': True, u'default_profile_image': False, u'id': 19818128, u'verified': False, u'profile_text_color': u'333333', u'profile_image_url_https': u'https://si0.twimg.com/profile_images/1776075011/Photo_on_1-23-12_at_20.00___2_normal.jpg', u'profile_sidebar_fill_color': u'DDEEF6', u'entities': {u'description': {u'urls': []}}, u'followers_count': 62, u'profile_sidebar_border_color': u'C0DEED', u'id_str': u'19818128', u'profile_background_color': u'C0DEED', u'listed_count': 1, u'profile_background_image_url_https': u'https://si0.twimg.com/images/themes/theme1/bg.png', u'utc_offset': 3600, u'statuses_count': 38, u'description': u'Something awfully pretentious', u'friends_count': 314, u'location': u'', u'profile_link_color': u'0084B4', u'profile_image_url': u'http://a0.twimg.com/profile_images/1776075011/Photo_on_1-23-12_at_20.00___2_normal.jpg', u'following': False, u'geo_enabled': False, u'profile_background_image_url': u'http://a0.twimg.com/images/themes/theme1/bg.png', u'screen_name': u'eelkeh', u'lang': u'en', u'profile_background_tile': False, u'favourites_count': 2, u'name': u'Eelke Hermens', u'notifications': False, u'url': None, u'created_at': u'Sat Jan 31 15:18:29 +0000 2009', u'contributors_enabled': False, u'time_zone': u'Amsterdam', u'protected': False, u'default_profile': True, u'is_translator': False}
None	None	Sat Jan 31 15:22:51 +0000 2009	{u'user_mentions': [], u'hashtags': [], u'urls': []}	False	None	1164630957	1164630957	None	None	None	None	None	None	0	False	web	ok dit is echt gay... gelukkig heeft mchamer ook twitter	False	{u'follow_request_sent': False, u'profile_use_background_image': True, u'default_profile_image': False, u'id': 19818128, u'verified': False, u'profile_text_color': u'333333', u'profile_image_url_https': u'https://si0.twimg.com/profile_images/1776075011/Photo_on_1-23-12_at_20.00___2_normal.jpg', u'profile_sidebar_fill_color': u'DDEEF6', u'entities': {u'description': {u'urls': []}}, u'followers_count': 62, u'profile_sidebar_border_color': u'C0DEED', u'id_str': u'19818128', u'profile_background_color': u'C0DEED', u'listed_count': 1, u'profile_background_image_url_https': u'https://si0.twimg.com/images/themes/theme1/bg.png', u'utc_offset': 3600, u'statuses_count': 38, u'description': u'Something awfully pretentious', u'friends_count': 314, u'location': u'', u'profile_link_color': u'0084B4', u'profile_image_url': u'http://a0.twimg.com/profile_images/1776075011/Photo_on_1-23-12_at_20.00___2_normal.jpg', u'following': False, u'geo_enabled': False, u'profile_background_image_url': u'http://a0.twimg.com/images/themes/theme1/bg.png', u'screen_name': u'eelkeh', u'lang': u'en', u'profile_background_tile': False, u'favourites_count': 2, u'name': u'Eelke Hermens', u'notifications': False, u'url': None, u'created_at': u'Sat Jan 31 15:18:29 +0000 2009', u'contributors_enabled': False, u'time_zone': u'Amsterdam', u'protected': False, u'default_profile': True, u'is_translator': False}
